{
    "input_path": null,
    "page_index": null,
    "model_settings": {
        "use_doc_preprocessor": false,
        "use_textline_orientation": false
    },
    "dt_polys": [
        [
            [
                680,
                100
            ],
            [
                774,
                100
            ],
            [
                774,
                118
            ],
            [
                680,
                118
            ]
        ],
        [
            [
                701,
                116
            ],
            [
                756,
                118
            ],
            [
                755,
                137
            ],
            [
                700,
                134
            ]
        ]
    ],
    "text_det_params": {
        "limit_side_len": 64,
        "limit_type": "min",
        "thresh": 0.3,
        "max_side_limit": 4000,
        "box_thresh": 0.6,
        "unclip_ratio": 1.5
    },
    "text_type": "general",
    "textline_orientation_angles": [
        -1,
        -1
    ],
    "text_rec_score_thresh": 0.0,
    "return_word_box": false,
    "rec_texts": [
        "小行星（白釉冰）",
        "8,596m"
    ],
    "rec_scores": [
        0.9706356525421143,
        0.9371435046195984
    ],
    "rec_polys": [
        [
            [
                680,
                100
            ],
            [
                774,
                100
            ],
            [
                774,
                118
            ],
            [
                680,
                118
            ]
        ],
        [
            [
                701,
                116
            ],
            [
                756,
                118
            ],
            [
                755,
                137
            ],
            [
                700,
                134
            ]
        ]
    ],
    "rec_boxes": [
        [
            680,
            100,
            774,
            118
        ],
        [
            700,
            116,
            756,
            137
        ]
    ]
}